{
    "providers": [

	{ "type": "bitmap",
            "file": "minecraft:font/wither.png",
            "ascent": 13, "height": 52,
            "chars": ["\uE901"]
        },
	{ "type": "bitmap",
            "file": "minecraft:font/enderdragon.png",
            "ascent": 13, "height": 42,
            "chars": ["\uE902"]
        },
    { "type": "bitmap",
            "file": "minecraft:font/raid.png",
            "ascent": 13, "height": 48,
            "chars": ["\uE903"]
        },
	{ "type": "bitmap",
            "file": "minecraft:font/frostmaw.png",
            "ascent": 13, "height": 56,
            "chars": ["\uE905"]
        },
    { "type": "bitmap",
            "file": "minecraft:font/bellringer.png",
            "ascent": 13, "height": 41,
            "chars": ["\uE907"]
        },
    { "type": "bitmap",
            "file": "minecraft:font/swampjaw.png",
            "ascent": 13, "height": 47,
            "chars": ["\uE908"]
        },
    { "type": "bitmap",
            "file": "minecraft:font/voidworm.png",
            "ascent": 18, "height": 37,
            "chars": ["\uE909"]
        },
    { "type": "bitmap",
            "file": "minecraft:font/witherstorm.png",
            "ascent": 18, "height": 64,
            "chars": ["\uE910"]
        },
    { "type": "bitmap",
            "file": "minecraft:font/nightlich.png",
            "ascent": 18, "height": 51,
            "chars": ["\uE911"]
        },
    { "type": "bitmap",
            "file": "minecraft:font/voidblossom.png",
            "ascent": 18, "height": 52,
            "chars": ["\uE912"]
        },
    { "type": "bitmap",
            "file": "minecraft:font/obsidilith.png",
            "ascent": 18, "height": 47,
            "chars": ["\uE913"]
        },
    { "type": "bitmap",
            "file": "minecraft:font/nethergauntlet.png",
            "ascent": 18, "height": 35,
            "chars": ["\uE914"]
        },
    { "type": "bitmap",
            "file": "minecraft:font/alpha_yeti.png",
            "ascent": 18, "height": 38,
            "chars": ["\uE915"]
        },
    { "type": "bitmap",
            "file": "minecraft:font/hydra.png",
            "ascent": 18, "height": 45,
            "chars": ["\uE916"]
        },
    { "type": "bitmap",
            "file": "minecraft:font/naga.png",
            "ascent": 18, "height": 57,
            "chars": ["\uE917"]
        },
    { "type": "bitmap",
            "file": "minecraft:font/snow_queen.png",
            "ascent": 18, "height": 48,
            "chars": ["\uE918"]
        },
    { "type": "bitmap",
            "file": "minecraft:font/urghast.png",
            "ascent": 18, "height": 38,
            "chars": ["\uE919"]
        }
    ]
}
